,geo_id,hot_big,hot_small,bar_big,bar_small
0,1001,8,D,,
1,1003,51,34,12.0,24
2,1005,9,3,,
3,1009,2,3,,
4,1013,7,,,
5,1015,27,8,4.0,6
6,1017,3,D,,
7,1019,3,4,,
8,1021,6,3,,
9,1023,3,,,
10,1025,7,4,,
11,1029,1,D,,
12,1031,11,4,2.0,D
13,1033,10,D,3.0,3
14,1035,3,,,
15,1037,1,,,
16,1039,8,5,,
17,1041,1,D,,
18,1043,13,7,,
19,1045,7,3,3.0,7
20,1047,8,8,2.0,6
21,1049,7,7,,
22,1051,8,D,3.0,3
23,1053,7,4,,
24,1055,16,D,7.0,4
25,1057,1,D,,
26,1059,2,6,,
27,1061,1,D,,
28,1063,2,,,
29,1067,1,D,,
30,1069,26,7,13.0,12
31,1071,10,4,,
32,1073,106,43,42.0,50
33,1077,10,3,3.0,D
34,1079,3,,,
35,1081,26,8,9.0,9
36,1083,9,9,1.0,6
37,1087,3,D,1.0,D
38,1089,61,14,33.0,22
39,1091,4,D,,
40,1093,5,D,,
41,1095,13,6,3.0,5
42,1097,66,29,31.0,69
43,1099,4,D,,
44,1101,73,13,13.0,18
45,1103,23,D,2.0,6
46,1105,2,D,,
47,1107,1,D,,
48,1109,9,D,5.0,D
49,1111,2,D,,
50,1113,9,D,1.0,6
51,1115,9,5,2.0,7
52,1117,27,21,5.0,10
53,1119,3,D,,
54,1121,13,5,1.0,5
55,1123,9,3,,
56,1125,38,25,22.0,20
57,1127,7,D,2.0,D
58,1129,1,,,
59,1131,3,D,,
60,2013,3,D,3.0,
61,2016,2,,1.0,
62,2020,77,151,44.0,10
63,2050,3,11,,
64,2060,4,5,,
65,2068,17,19,1.0,
66,2070,2,10,1.0,
67,2090,38,59,20.0,6
68,2100,5,14,2.0,
69,2105,6,11,1.0,
70,2110,15,28,10.0,
71,2122,58,216,24.0,4
72,2130,9,38,15.0,D
73,2150,8,29,7.0,
74,2164,1,12,,
75,2170,43,68,15.0,3
76,2180,3,11,3.0,D
77,2185,4,S,,
78,2195,2,5,1.0,
79,2198,5,22,3.0,
80,2220,7,25,3.0,
81,2230,5,D,1.0,
82,2240,13,11,2.0,
83,2261,28,38,3.0,3
84,2275,2,4,1.0,
85,2282,4,4,,
86,2290,4,10,1.0,3
87,4001,17,6,2.0,D
88,4003,47,28,21.0,11
89,4005,144,61,21.0,D
90,4007,19,16,12.0,D
91,4009,5,D,3.0,4
92,4011,1,D,2.0,D
93,4012,10,D,6.0,D
94,4013,436,374,303.0,140
95,4015,53,23,29.0,13
96,4017,53,23,7.0,
97,4019,143,101,98.0,37
98,4021,27,24,12.0,11
99,4023,18,16,4.0,9
100,4025,96,41,34.0,11
101,4027,36,4,22.0,8
102,5001,6,9,1.0,
103,5003,3,D,,
104,5005,20,38,3.0,4
105,5007,52,23,8.0,16
106,5009,6,7,,
107,5011,3,D,1.0,
108,5015,62,70,3.0,4
109,5017,3,,,
110,5019,10,D,,
111,5021,1,D,,
112,5023,9,9,1.0,D
113,5027,10,D,1.0,D
114,5029,5,D,2.0,D
115,5031,14,7,5.0,6
116,5033,16,7,1.0,3
117,5035,27,6,,
118,5037,1,3,,
119,5039,2,,,
120,5041,7,D,1.0,
121,5043,8,D,,
122,5045,22,5,2.0,6
123,5047,4,,,
124,5049,2,,,
125,5051,45,24,10.0,15
126,5053,1,,,
127,5055,4,D,,
128,5057,8,,,
129,5059,6,8,,
130,5061,1,3,,
131,5063,8,,1.0,
132,5065,1,6,1.0,
133,5067,3,,2.0,3
134,5069,16,5,1.0,6
135,5071,6,D,,
136,5075,1,D,,
137,5079,1,,,
138,5081,1,4,,
139,5083,1,D,3.0,D
140,5085,11,D,1.0,D
141,5089,4,29,,
142,5091,16,D,4.0,10
143,5093,16,5,2.0,5
144,5095,6,D,,
145,5097,6,7,,
146,5099,1,,,
147,5101,2,9,,
148,5103,3,D,1.0,3
149,5105,1,D,,
150,5107,6,D,,
151,5109,8,D,,
152,5111,3,D,,
153,5113,7,18,,
154,5115,16,D,2.0,D
155,5117,2,D,,
156,5119,116,34,28.0,22
157,5121,2,D,,
158,5123,10,4,,
159,5125,15,12,1.0,D
160,5127,1,D,,
161,5131,24,9,6.0,15
162,5133,4,D,,
163,5135,5,6,,
164,5137,12,7,,
165,5139,11,D,1.0,D
166,5141,3,3,,
167,5143,47,8,29.0,18
168,5145,13,6,,
169,5149,1,D,,
170,6001,178,220,159.0,41
171,6003,3,D,,
172,6005,18,8,4.0,D
173,6007,29,23,28.0,9
174,6009,17,11,4.0,6
175,6011,8,3,4.0,4
176,6013,63,134,64.0,32
177,6015,19,8,1.0,
178,6017,59,70,19.0,6
179,6019,100,58,65.0,23
180,6021,8,D,4.0,D
181,6023,62,62,31.0,9
182,6025,28,15,13.0,7
183,6027,28,22,2.0,
184,6029,107,72,53.0,31
185,6031,15,D,6.0,3
186,6033,18,17,10.0,4
187,6035,8,6,5.0,
188,6037,1165,1259,720.0,464
189,6039,24,16,8.0,S
190,6041,65,112,26.0,11
191,6043,24,32,3.0,D
192,6045,91,45,20.0,7
193,6047,23,17,15.0,7
194,6049,5,4,,
195,6051,54,31,1.0,
196,6053,208,88,27.0,18
197,6055,92,77,10.0,11
198,6057,21,41,13.0,D
199,6059,450,370,228.0,110
200,6061,67,54,26.0,8
201,6063,26,12,10.0,D
202,6065,278,212,90.0,64
203,6067,118,98,100.0,39
204,6069,7,4,2.0,D
205,6071,243,215,99.0,77
206,6073,508,503,333.0,98
207,6075,309,333,398.0,62
208,6077,55,58,47.0,20
209,6079,168,146,33.0,21
210,6081,147,131,55.0,30
211,6083,144,98,49.0,26
212,6085,247,223,146.0,31
213,6087,73,61,36.0,5
214,6089,44,30,17.0,8
215,6091,6,8,,
216,6093,35,19,9.0,D
217,6095,55,31,34.0,9
218,6097,121,176,50.0,18
219,6099,37,22,33.0,18
220,6101,7,7,4.0,6
221,6103,19,8,6.0,D
222,6105,9,11,4.0,D
223,6107,48,30,13.0,15
224,6109,26,19,4.0,7
225,6111,83,88,50.0,9
226,6113,34,27,14.0,5
227,6115,4,9,5.0,5
228,8001,65,31,42.0,26
229,8003,13,D,2.0,D
230,8005,82,50,56.0,19
231,8007,13,6,2.0,D
232,8009,2,D,,
233,8011,3,,,
234,8013,48,65,24.0,5
235,8014,9,12,3.0,D
236,8015,23,41,3.0,
237,8017,1,D,1.0,D
238,8019,9,8,2.0,
239,8021,3,D,1.0,D
240,8023,1,D,,
241,8027,3,5,1.0,D
242,8029,12,15,7.0,D
243,8031,132,93,187.0,50
244,8033,3,D,1.0,D
245,8035,25,33,16.0,4
246,8037,47,27,7.0,6
247,8041,125,86,88.0,24
248,8043,10,16,5.0,D
249,8045,43,25,5.0,D
250,8047,5,4,1.0,
251,8049,31,13,6.0,
252,8051,29,24,10.0,D
253,8053,3,11,1.0,D
254,8055,5,5,2.0,3
255,8057,5,D,1.0,
256,8059,66,76,63.0,31
257,8061,1,D,,
258,8063,7,3,,
259,8065,9,9,4.0,
260,8067,37,37,10.0,4
261,8069,113,78,44.0,3
262,8071,10,D,3.0,8
263,8073,11,D,,
264,8075,4,3,4.0,
265,8077,41,21,12.0,D
266,8079,5,D,1.0,
267,8081,10,D,2.0,
268,8083,18,10,4.0,
269,8085,12,8,6.0,D
270,8087,10,4,3.0,5
271,8089,8,D,4.0,D
272,8091,20,13,,
273,8093,5,D,5.0,D
274,8095,3,,,
275,8097,41,14,9.0,D
276,8099,7,D,3.0,
277,8101,27,9,39.0,15
278,8103,7,3,1.0,D
279,8105,13,7,,
280,8107,36,15,5.0,D
281,8109,1,7,,
282,8111,8,8,2.0,
283,8113,16,14,4.0,
284,8115,1,3,1.0,
285,8117,46,20,17.0,D
286,8119,19,14,4.0,3
287,8123,35,19,31.0,15
288,8125,4,5,3.0,
289,9001,84,78,59.0,61
290,9003,106,50,73.0,38
291,9005,26,40,11.0,14
292,9007,23,16,14.0,4
293,9009,79,59,98.0,62
294,9011,69,41,34.0,18
295,9013,7,8,11.0,D
296,9015,13,7,13.0,6
297,10001,68,17,5.0,5
298,10003,56,43,50.0,16
299,10005,78,37,20.0,4
300,11001,119,122,141.0,29
301,12001,41,29,34.0,10
302,12003,4,D,,
303,12005,70,69,31.0,18
304,12007,7,3,2.0,3
305,12009,79,76,79.0,41
306,12011,293,359,160.0,177
307,12013,1,D,,
308,12015,19,33,13.0,8
309,12017,16,19,19.0,14
310,12019,11,17,10.0,15
311,12021,68,62,16.0,13
312,12023,23,7,5.0,3
313,12027,5,D,3.0,3
314,12029,1,D,4.0,D
315,12031,138,73,86.0,86
316,12033,44,60,38.0,37
317,12035,15,13,10.0,12
318,12037,6,8,1.0,4
319,12039,5,4,4.0,D
320,12041,1,,1.0,D
321,12045,6,11,2.0,D
322,12047,2,D,,
323,12051,8,D,3.0,5
324,12053,14,11,22.0,19
325,12055,11,8,4.0,9
326,12057,154,132,111.0,122
327,12059,3,4,2.0,D
328,12061,15,22,12.0,11
329,12063,10,D,1.0,D
330,12065,2,6,1.0,
331,12067,1,D,,
332,12069,42,43,14.0,15
333,12071,100,123,44.0,40
334,12073,58,21,27.0,12
335,12075,7,12,5.0,7
336,12079,3,,,
337,12081,46,54,38.0,23
338,12083,47,36,20.0,30
339,12085,13,24,16.0,5
340,12086,440,589,156.0,336
341,12087,155,58,39.0,12
342,12089,20,17,6.0,8
343,12091,49,51,20.0,20
344,12093,7,6,3.0,D
345,12095,300,204,122.0,101
346,12097,94,73,14.0,24
347,12099,142,214,108.0,94
348,12101,23,46,50.0,49
349,12103,197,208,157.0,104
350,12105,84,69,49.0,40
351,12107,7,11,13.0,6
352,12109,82,53,16.0,17
353,12111,30,26,24.0,20
354,12113,6,27,9.0,15
355,12115,68,75,45.0,22
356,12117,36,58,30.0,40
357,12119,6,16,5.0,4
358,12121,6,D,1.0,10
359,12123,5,D,3.0,
360,12127,130,105,86.0,45
361,12129,3,D,2.0,D
362,12131,26,36,6.0,6
363,12133,7,D,,
364,13001,3,D,,
365,13005,2,D,,
366,13009,10,8,2.0,4
367,13011,12,D,,
368,13013,4,D,3.0,6
369,13015,29,5,1.0,4
370,13017,4,D,,
371,13021,58,18,12.0,9
372,13023,1,D,,
373,13029,17,4,3.0,5
374,13031,15,8,2.0,D
375,13033,3,4,,
376,13035,1,5,,
377,13039,20,6,3.0,6
378,13043,3,D,,
379,13045,21,9,6.0,5
380,13047,9,4,,
381,13049,3,D,,
382,13051,162,78,41.0,21
383,13055,4,D,,
384,13057,11,25,4.0,8
385,13059,19,9,47.0,8
386,13063,74,30,5.0,32
387,13065,2,D,,
388,13067,119,106,17.0,54
389,13069,8,D,,
390,13071,7,S,,
391,13073,14,23,1.0,16
392,13075,7,D,,
393,13077,13,10,1.0,6
394,13081,11,3,,
395,13083,1,D,,
396,13085,5,3,,
397,13087,7,D,,
398,13089,95,104,23.0,84
399,13091,5,D,,
400,13093,1,4,,
401,13095,34,3,4.0,17
402,13097,22,22,3.0,11
403,13099,2,4,,
404,13103,5,3,,
405,13105,4,D,,
406,13107,3,6,,
407,13111,11,6,1.0,4
408,13113,13,22,2.0,3
409,13115,24,8,,
410,13117,8,17,2.0,5
411,13119,4,D,,
412,13121,221,170,113.0,101
413,13123,8,6,2.0,D
414,13127,47,25,5.0,D
415,13129,16,6,1.0,D
416,13131,3,,,
417,13133,3,3,,
418,13135,108,102,24.0,65
419,13137,7,10,1.0,
420,13139,17,11,1.0,6
421,13143,1,3,,
422,13145,5,3,,
423,13147,4,6,,
424,13149,1,,,
425,13151,42,34,3.0,27
426,13153,51,7,6.0,6
427,13157,3,4,,
428,13161,2,,,
429,13163,2,D,,
430,13165,2,,,
431,13169,1,D,,
432,13171,4,D,,
433,13175,13,5,1.0,4
434,13179,13,D,4.0,7
435,13181,1,,,
436,13183,1,D,,
437,13185,39,12,5.0,8
438,13187,10,7,2.0,
439,13189,6,3,,
440,13191,7,6,,
441,13193,3,D,1.0,
442,13199,5,D,,
443,13201,1,,,
444,13205,4,,,
445,13207,11,D,,
446,13211,8,D,,
447,13213,5,D,1.0,
448,13215,52,10,23.0,19
449,13217,8,4,1.0,3
450,13219,3,D,,
451,13223,7,6,1.0,3
452,13225,10,6,1.0,D
453,13227,4,D,,
454,13229,2,,,
455,13233,8,3,,
456,13235,2,D,,
457,13237,2,D,1.0,D
458,13241,13,12,,
459,13243,1,,,
460,13245,59,16,29.0,22
461,13247,17,D,2.0,D
462,13251,2,4,,
463,13253,4,,,
464,13255,11,8,,
465,13257,6,3,,
466,13261,9,D,,
467,13267,3,D,,
468,13271,2,D,,
469,13273,3,D,,
470,13275,14,4,2.0,D
471,13277,11,7,,
472,13279,12,D,3.0,S
473,13281,5,11,,
474,13285,20,12,,
475,13287,4,D,,
476,13289,1,,,
477,13291,7,10,,
478,13293,6,3,1.0,D
479,13295,4,8,2.0,D
480,13297,7,4,,
481,13299,10,D,3.0,6
482,13303,3,D,,
483,13305,8,D,,
484,13311,22,13,2.0,D
485,13313,20,3,,
486,13317,3,D,,
487,13321,3,,,
488,15001,63,179,18.0,6
489,15003,111,159,179.0,54
490,15007,45,41,3.0,D
491,15009,86,96,18.0,10
492,16001,68,36,68.0,18
493,16003,2,D,2.0,
494,16005,26,8,21.0,D
495,16007,4,5,1.0,
496,16009,2,D,4.0,4
497,16011,3,D,5.0,D
498,16013,12,7,4.0,D
499,16015,4,D,3.0,
500,16017,17,17,16.0,6
501,16019,30,10,13.0,4
502,16021,3,5,1.0,
503,16023,1,D,,
504,16027,14,D,19.0,14
505,16029,4,D,2.0,
506,16031,3,5,2.0,3
507,16035,7,4,3.0,D
508,16037,13,7,2.0,
509,16039,9,D,7.0,7
510,16041,1,,1.0,
511,16043,6,D,2.0,D
512,16045,1,D,1.0,D
513,16047,3,4,5.0,D
514,16049,10,13,7.0,D
515,16053,4,D,1.0,
516,16055,35,29,38.0,7
517,16057,10,9,16.0,4
518,16059,5,4,5.0,S
519,16061,4,,3.0,D
520,16065,3,D,,
521,16067,3,,3.0,3
522,16069,10,6,11.0,6
523,16073,2,D,4.0,D
524,16075,1,D,4.0,3
525,16077,2,,2.0,
526,16079,6,7,17.0,5
527,16081,7,12,1.0,D
528,16083,12,8,16.0,4
529,16085,17,,6.0,D
530,16087,1,D,3.0,4
531,17001,13,4,26.0,17
532,17005,5,D,6.0,
533,17007,1,4,6.0,D
534,17009,1,,2.0,
535,17011,4,D,17.0,16
536,17015,5,7,5.0,6
537,17017,2,4,5.0,3
538,17019,37,16,53.0,4
539,17021,3,D,19.0,14
540,17023,4,,3.0,3
541,17025,2,,3.0,D
542,17027,6,3,28.0,7
543,17029,11,3,17.0,6
544,17031,478,504,890.0,570
545,17033,4,D,4.0,D
546,17035,1,D,1.0,D
547,17037,11,4,20.0,D
548,17039,3,D,6.0,D
549,17041,9,D,5.0,4
550,17043,119,65,63.0,46
551,17045,1,D,4.0,3
552,17049,20,D,16.0,
553,17051,5,6,6.0,D
554,17053,2,,2.0,D
555,17055,8,3,14.0,9
556,17057,3,D,15.0,7
557,17061,1,,5.0,D
558,17063,8,D,13.0,7
559,17067,3,3,7.0,6
560,17069,1,5,2.0,
561,17073,5,4,15.0,9
562,17075,7,D,16.0,14
563,17077,16,10,18.0,3
564,17079,1,D,3.0,D
565,17081,10,4,7.0,D
566,17083,3,4,11.0,5
567,17085,24,18,18.0,11
568,17087,1,5,2.0,D
569,17089,34,34,48.0,21
570,17091,12,5,32.0,19
571,17093,7,9,10.0,7
572,17095,8,D,23.0,6
573,17097,76,58,74.0,45
574,17099,30,6,51.0,47
575,17101,2,,3.0,4
576,17103,2,3,20.0,8
577,17105,3,4,17.0,6
578,17107,5,4,15.0,7
579,17109,6,D,9.0,
580,17111,13,22,49.0,23
581,17113,38,D,39.0,8
582,17115,23,5,32.0,3
583,17117,1,,24.0,12
584,17119,41,12,78.0,35
585,17121,10,D,18.0,3
586,17123,2,D,5.0,D
587,17125,1,D,12.0,3
588,17127,6,D,1.0,3
589,17129,1,D,5.0,D
590,17133,6,4,8.0,D
591,17135,6,D,10.0,13
592,17137,10,,13.0,4
593,17141,11,5,14.0,5
594,17143,27,12,66.0,23
595,17145,5,4,7.0,5
596,17147,3,,6.0,D
597,17149,4,4,6.0,
598,17151,1,3,1.0,
599,17153,1,,,
600,17155,1,D,3.0,4
601,17157,3,D,12.0,7
602,17159,3,D,3.0,
603,17161,21,10,55.0,11
604,17163,43,17,84.0,40
605,17165,3,D,4.0,D
606,17167,36,8,76.0,16
607,17173,4,D,9.0,3
608,17177,9,D,16.0,D
609,17179,21,6,43.0,7
610,17181,2,15,4.0,4
611,17183,12,7,23.0,14
612,17185,1,3,1.0,
613,17187,2,D,10.0,4
614,17189,3,D,8.0,D
615,17191,2,D,,
616,17193,2,5,2.0,
617,17195,8,D,27.0,5
618,17197,63,39,88.0,60
619,17199,18,7,20.0,11
620,17201,29,19,59.0,25
621,17203,3,,7.0,3
622,18001,4,D,5.0,
623,18003,59,23,59.0,22
624,18005,20,8,2.0,
625,18011,8,7,4.0,4
626,18013,15,9,,
627,18017,3,,10.0,D
628,18019,26,5,7.0,7
629,18021,1,D,2.0,5
630,18023,3,,2.0,3
631,18025,2,D,,
632,18027,5,3,10.0,D
633,18029,4,4,5.0,3
634,18031,6,D,2.0,D
635,18033,7,D,6.0,D
636,18035,14,8,19.0,14
637,18037,11,3,5.0,
638,18039,41,22,20.0,7
639,18041,3,D,4.0,D
640,18043,4,11,6.0,6
641,18045,1,D,5.0,D
642,18047,2,6,3.0,D
643,18049,3,,5.0,D
644,18051,3,D,4.0,
645,18053,8,6,15.0,7
646,18055,1,,3.0,D
647,18057,41,27,16.0,3
648,18059,8,7,2.0,3
649,18061,11,3,2.0,8
650,18063,24,9,10.0,5
651,18065,4,D,6.0,D
652,18067,13,D,19.0,7
653,18069,10,3,11.0,
654,18071,13,D,5.0,D
655,18073,5,,4.0,D
656,18075,3,D,2.0,5
657,18077,7,9,5.0,4
658,18079,2,,1.0,D
659,18081,11,9,8.0,5
660,18083,7,,6.0,D
661,18085,6,6,14.0,
662,18087,11,3,2.0,D
663,18089,47,19,111.0,89
664,18091,21,7,27.0,12
665,18093,7,5,3.0,D
666,18095,15,D,15.0,16
667,18097,178,49,171.0,83
668,18099,8,4,4.0,
669,18101,1,,3.0,
670,18103,3,D,3.0,4
671,18105,25,9,19.0,D
672,18107,6,3,7.0,D
673,18109,4,D,2.0,D
674,18111,2,D,3.0,5
675,18113,6,3,5.0,D
676,18115,1,3,1.0,
677,18117,9,3,3.0,D
678,18119,1,D,1.0,D
679,18121,2,4,4.0,D
680,18123,5,,5.0,
681,18127,32,8,21.0,14
682,18129,3,4,3.0,
683,18133,7,3,6.0,4
684,18135,2,D,3.0,D
685,18139,1,,2.0,D
686,18141,48,16,44.0,23
687,18143,7,D,,
688,18145,7,,4.0,5
689,18147,7,D,2.0,D
690,18149,1,D,8.0,D
691,18151,7,D,7.0,D
692,18153,3,D,2.0,D
693,18155,3,D,2.0,D
694,18157,24,6,32.0,3
695,18159,2,D,5.0,D
696,18163,34,9,38.0,11
697,18165,1,,8.0,4
698,18167,23,D,22.0,D
699,18169,4,,4.0,3
700,18173,1,4,5.0,D
701,18175,2,5,1.0,D
702,18177,10,13,12.0,3
703,18179,3,4,3.0,3
704,18181,7,4,4.0,D
705,18183,3,,3.0,D
706,19001,4,D,,
707,19005,1,8,5.0,4
708,19007,5,D,2.0,3
709,19011,3,D,10.0,5
710,19013,29,12,53.0,12
711,19015,2,D,7.0,D
712,19017,4,3,5.0,4
713,19019,3,4,8.0,4
714,19021,8,D,6.0,3
715,19023,1,D,4.0,D
716,19027,5,,9.0,5
717,19029,5,4,2.0,7
718,19031,3,D,7.0,D
719,19033,16,8,9.0,8
720,19035,3,D,8.0,D
721,19037,2,6,5.0,6
722,19039,6,,1.0,4
723,19041,5,4,4.0,D
724,19043,5,19,7.0,9
725,19045,9,5,23.0,6
726,19047,6,D,8.0,5
727,19049,19,3,11.0,9
728,19051,2,D,1.0,
729,19053,1,D,1.0,6
730,19055,2,D,7.0,D
731,19057,14,D,15.0,6
732,19059,18,D,15.0,D
733,19061,27,6,33.0,27
734,19063,2,D,2.0,D
735,19065,4,D,8.0,7
736,19067,6,3,1.0,D
737,19069,2,D,2.0,
738,19071,5,D,3.0,5
739,19073,1,D,2.0,
740,19075,1,,4.0,D
741,19077,3,3,1.0,8
742,19079,5,D,5.0,D
743,19081,2,,1.0,4
744,19083,4,D,7.0,D
745,19085,3,D,5.0,4
746,19087,7,,3.0,D
747,19089,1,D,7.0,4
748,19091,1,,4.0,D
749,19093,2,D,3.0,D
750,19095,6,8,5.0,D
751,19097,7,3,6.0,8
752,19099,8,,3.0,4
753,19101,6,D,4.0,D
754,19103,26,13,39.0,7
755,19105,3,D,9.0,D
756,19107,1,D,,
757,19109,3,6,3.0,4
758,19111,12,3,19.0,8
759,19113,40,12,56.0,10
760,19115,1,,2.0,4
761,19117,2,D,2.0,
762,19119,2,,4.0,D
763,19121,1,D,1.0,D
764,19123,3,D,4.0,D
765,19125,9,D,8.0,4
766,19127,7,5,16.0,13
767,19129,3,,1.0,3
768,19131,4,D,2.0,D
769,19133,1,,6.0,6
770,19135,1,,5.0,D
771,19137,2,D,2.0,D
772,19139,11,5,10.0,5
773,19141,3,4,5.0,3
774,19143,3,,1.0,
775,19145,2,D,2.0,D
776,19147,2,,4.0,4
777,19149,6,D,12.0,D
778,19151,3,,4.0,D
779,19153,92,28,132.0,29
780,19155,34,9,27.0,16
781,19157,7,5,5.0,D
782,19159,3,3,1.0,D
783,19161,2,D,2.0,4
784,19163,34,12,68.0,15
785,19165,3,D,6.0,6
786,19167,7,6,6.0,5
787,19169,20,4,20.0,D
788,19171,4,D,5.0,6
789,19175,2,D,3.0,3
790,19177,1,4,3.0,D
791,19179,8,D,7.0,3
792,19181,2,3,6.0,5
793,19183,4,D,6.0,
794,19185,2,D,1.0,3
795,19187,11,4,13.0,6
796,19189,1,D,2.0,7
797,19191,6,13,12.0,4
798,19193,30,4,36.0,18
799,19195,1,4,1.0,
800,19197,3,3,6.0,D
801,20001,3,D,3.0,
802,20003,3,,,
803,20005,1,D,,
804,20007,3,6,,
805,20009,8,D,2.0,D
806,20011,6,D,,
807,20013,1,D,2.0,D
808,20015,13,D,3.0,4
809,20019,1,3,,
810,20021,2,D,,
811,20023,1,D,,
812,20027,2,D,,
813,20029,5,D,1.0,D
814,20031,3,D,,
815,20033,1,D,1.0,D
816,20035,10,D,1.0,D
817,20037,7,D,5.0,D
818,20039,3,,,
819,20041,7,3,3.0,3
820,20043,2,D,,
821,20045,20,5,34.0,10
822,20047,1,3,1.0,
823,20049,2,,,
824,20051,15,D,10.0,D
825,20053,2,D,2.0,
826,20055,18,D,6.0,D
827,20057,19,D,6.0,5
828,20059,7,,,
829,20061,17,,3.0,7
830,20063,2,D,,
831,20065,1,3,1.0,
832,20067,3,D,,
833,20069,1,D,,
834,20073,1,,1.0,D
835,20075,2,D,1.0,D
836,20077,5,D,2.0,D
837,20079,8,4,4.0,D
838,20081,1,,,
839,20083,1,D,,
840,20085,4,D,,
841,20087,2,D,4.0,4
842,20089,2,D,,
843,20091,76,54,27.0,20
844,20095,3,D,,
845,20097,1,,,
846,20099,4,D,1.0,D
847,20103,9,7,7.0,9
848,20105,1,D,,
849,20107,1,,1.0,
850,20109,3,D,,
851,20111,15,,11.0,D
852,20113,9,9,1.0,5
853,20115,2,4,,
854,20117,4,3,3.0,4
855,20119,3,D,,
856,20121,1,4,3.0,D
857,20123,1,6,1.0,
858,20125,11,3,7.0,4
859,20127,1,3,,
860,20129,1,,,
861,20131,4,D,1.0,
862,20133,4,3,1.0,4
863,20135,2,D,,
864,20137,2,D,1.0,
865,20141,2,D,2.0,
866,20145,3,,,
867,20147,3,,1.0,
868,20149,4,3,2.0,D
869,20151,11,D,1.0,
870,20155,11,10,6.0,5
871,20157,1,D,1.0,
872,20159,2,D,,
873,20161,13,11,13.0,10
874,20165,1,D,1.0,D
875,20167,2,,2.0,
876,20169,30,17,9.0,7
877,20171,4,D,,
878,20173,76,47,84.0,39
879,20175,11,D,,
880,20177,29,13,30.0,10
881,20179,1,D,,
882,20181,7,,1.0,D
883,20183,2,3,,
884,20185,2,D,1.0,
885,20189,2,4,1.0,D
886,20191,1,D,3.0,D
887,20193,11,D,1.0,
888,20195,3,D,1.0,D
889,20199,2,D,,
890,20201,1,3,1.0,D
891,20205,2,D,,
892,20207,1,,,
893,20209,23,7,18.0,10
894,21001,2,D,,
895,21003,3,,,
896,21005,1,,,
897,21009,14,D,,
898,21011,1,D,,
899,21013,5,,,
900,21015,37,6,6.0,8
901,21017,1,5,,
902,21019,13,7,,
903,21021,6,4,1.0,
904,21023,1,4,,
905,21025,2,,,
906,21029,13,,2.0,D
907,21031,2,D,,
908,21033,3,,,
909,21035,8,D,,
910,21037,7,9,34.0,13
911,21041,6,D,2.0,D
912,21043,4,3,,
913,21045,1,,,
914,21047,11,9,2.0,D
915,21049,6,4,,
916,21051,1,D,,
917,21053,1,,,
918,21057,3,D,,
919,21059,18,4,8.0,8
920,21061,2,D,,
921,21063,2,,,
922,21065,2,,,
923,21067,68,14,48.0,17
924,21071,6,D,,
925,21073,11,3,4.0,D
926,21075,1,,1.0,D
927,21077,4,D,1.0,
928,21081,6,,,
929,21083,2,6,,
930,21085,2,,,
931,21089,1,,,
932,21091,1,,,
933,21093,24,4,2.0,6
934,21095,1,4,,
935,21097,1,D,,
936,21099,3,D,,
937,21101,10,4,3.0,D
938,21103,1,D,,
939,21107,6,4,1.0,D
940,21111,109,41,106.0,86
941,21113,2,3,2.0,D
942,21115,3,,,
943,21117,23,14,41.0,16
944,21121,3,,,
945,21125,15,D,,
946,21127,2,,,
947,21129,3,D,,
948,21131,1,,,
949,21133,2,,,
950,21139,3,D,,
951,21141,3,D,,
952,21143,4,4,,
953,21145,22,7,6.0,5
954,21147,6,3,,
955,21151,19,7,8.0,D
956,21155,3,3,1.0,3
957,21157,17,11,,
958,21161,5,,4.0,4
959,21163,3,3,4.0,8
960,21167,5,3,,
961,21171,1,D,,
962,21173,5,D,,
963,21175,1,,,
964,21177,7,,,
965,21179,9,9,4.0,6
966,21183,2,D,,
967,21185,7,7,1.0,D
968,21187,1,3,,
969,21193,4,5,,
970,21195,9,D,,
971,21197,2,3,,
972,21199,12,5,3.0,
973,21203,3,3,,
974,21205,7,3,1.0,
975,21207,2,5,,
976,21209,15,4,,
977,21211,3,D,,
978,21213,8,4,,
979,21217,7,D,,
980,21221,3,D,,
981,21223,1,D,,
982,21225,1,D,,
983,21227,30,10,9.0,7
984,21229,1,D,,
985,21231,2,D,,
986,21233,1,,,
987,21235,7,4,,
988,21237,1,D,,
989,21239,3,7,,
990,22001,7,D,,
991,22003,9,3,,
992,22005,26,4,20.0,20
993,22007,1,,2.0,10
994,22009,5,7,5.0,8
995,22011,5,D,,
996,22013,1,D,,
997,22015,36,11,13.0,18
998,22017,45,13,45.0,28
999,22019,54,14,35.0,43
1000,22023,2,,,
1001,22025,1,,1.0,D
1002,22027,2,D,,
1003,22029,1,5,1.0,6
1004,22031,5,D,,
1005,22033,81,23,65.0,58
1006,22035,1,,2.0,5
1007,22037,1,D,,
1008,22039,2,D,1.0,10
1009,22041,2,D,1.0,D
1010,22043,1,,,
1011,22045,13,D,4.0,25
1012,22047,3,D,6.0,8
1013,22049,2,D,1.0,D
1014,22051,71,47,114.0,193
1015,22053,4,,2.0,9
1016,22055,59,33,45.0,70
1017,22057,15,18,21.0,31
1018,22059,2,D,1.0,D
1019,22061,9,D,,
1020,22063,6,7,16.0,25
1021,22065,3,,5.0,6
1022,22067,3,,,
1023,22069,23,12,2.0,5
1024,22071,165,134,222.0,168
1025,22073,31,9,5.0,22
1026,22075,7,7,9.0,9
1027,22077,4,D,5.0,6
1028,22079,28,6,11.0,9
1029,22081,2,,,
1030,22083,4,D,,
1031,22085,5,4,,
1032,22087,2,,14.0,17
1033,22089,12,4,5.0,13
1034,22093,1,D,3.0,7
1035,22095,11,D,9.0,16
1036,22097,13,11,9.0,15
1037,22099,4,6,12.0,21
1038,22101,16,4,18.0,23
1039,22103,31,28,24.0,35
1040,22105,19,4,14.0,24
1041,22109,25,9,25.0,44
1042,22111,1,D,,
1043,22113,7,22,6.0,24
1044,22115,14,4,5.0,8
1045,22117,4,,3.0,7
1046,22119,6,3,2.0,4
1047,22121,10,D,8.0,8
1048,22123,1,,,
1049,22125,6,5,3.0,D
1050,22127,3,,1.0,D
1051,23001,13,9,5.0,3
1052,23003,17,11,2.0,3
1053,23005,103,85,41.0,4
1054,23007,14,15,2.0,
1055,23009,105,50,6.0,D
1056,23011,21,16,8.0,D
1057,23013,43,28,2.0,D
1058,23015,50,25,1.0,
1059,23017,21,27,1.0,
1060,23019,47,25,14.0,3
1061,23021,12,10,2.0,D
1062,23023,12,15,2.0,
1063,23025,13,25,4.0,
1064,23027,18,14,2.0,
1065,23029,14,23,2.0,D
1066,23031,201,74,18.0,7
1067,24001,17,4,20.0,14
1068,24003,72,49,42.0,28
1069,24005,49,51,81.0,86
1070,24009,10,9,4.0,D
1071,24011,1,D,1.0,D
1072,24013,7,14,5.0,3
1073,24015,15,12,12.0,D
1074,24017,20,13,15.0,9
1075,24019,6,8,1.0,
1076,24021,30,19,9.0,7
1077,24023,16,15,4.0,D
1078,24025,33,15,9.0,9
1079,24027,36,33,8.0,D
1080,24029,8,5,1.0,
1081,24031,63,90,26.0,32
1082,24033,75,84,24.0,39
1083,24035,9,6,3.0,D
1084,24037,14,4,6.0,7
1085,24039,6,4,,
1086,24041,27,15,2.0,D
1087,24043,28,11,24.0,12
1088,24045,23,3,4.0,D
1089,24047,97,18,16.0,3
1090,24510,46,52,185.0,62
1091,25001,227,105,23.0,5
1092,25003,85,72,22.0,5
1093,25005,46,37,81.0,28
1094,25007,33,17,1.0,
1095,25009,80,96,71.0,43
1096,25011,12,22,13.0,D
1097,25013,41,25,94.0,22
1098,25015,17,36,27.0,D
1099,25017,121,175,97.0,37
1100,25019,29,4,3.0,D
1101,25021,55,70,50.0,15
1102,25023,40,56,35.0,17
1103,25025,102,100,145.0,42
1104,25027,53,37,126.0,36
1105,26003,17,16,3.0,D
1106,26005,21,26,10.0,4
1107,26007,5,3,7.0,4
1108,26009,8,19,3.0,
1109,26011,3,5,3.0,D
1110,26013,3,D,,
1111,26015,2,6,5.0,
1112,26017,14,3,43.0,11
1113,26019,6,29,4.0,D
1114,26021,43,19,28.0,D
1115,26023,6,4,6.0,
1116,26025,24,12,14.0,6
1117,26027,2,D,3.0,D
1118,26029,8,8,5.0,D
1119,26031,38,22,9.0,D
1120,26033,24,24,11.0,4
1121,26035,3,9,7.0,S
1122,26037,6,8,5.0,D
1123,26039,9,4,3.0,3
1124,26041,17,12,20.0,6
1125,26043,10,D,11.0,D
1126,26045,21,8,7.0,5
1127,26047,22,12,7.0,
1128,26049,35,24,56.0,27
1129,26051,1,6,3.0,
1130,26053,8,17,7.0,5
1131,26055,34,30,15.0,
1132,26057,3,3,7.0,4
1133,26059,4,D,2.0,6
1134,26061,12,13,18.0,D
1135,26063,6,15,12.0,9
1136,26065,24,10,39.0,10
1137,26067,4,D,3.0,D
1138,26069,13,23,7.0,D
1139,26071,7,6,6.0,5
1140,26073,11,6,9.0,D
1141,26075,12,10,17.0,13
1142,26077,43,14,25.0,D
1143,26079,2,D,3.0,
1144,26081,60,42,82.0,18
1145,26083,7,9,1.0,D
1146,26085,2,6,1.0,
1147,26087,6,7,11.0,4
1148,26089,13,18,4.0,
1149,26091,7,5,8.0,6
1150,26093,10,18,8.0,D
1151,26095,5,7,1.0,
1152,26097,43,35,6.0,D
1153,26099,60,39,84.0,63
1154,26101,13,10,3.0,D
1155,26103,23,16,28.0,3
1156,26105,21,31,8.0,4
1157,26107,2,D,8.0,D
1158,26109,2,6,5.0,12
1159,26111,10,14,11.0,3
1160,26113,1,D,2.0,D
1161,26115,15,13,25.0,13
1162,26117,4,6,6.0,5
1163,26119,3,D,4.0,
1164,26121,19,14,38.0,11
1165,26123,4,D,3.0,3
1166,26125,146,124,103.0,57
1167,26127,9,6,6.0,D
1168,26129,3,6,4.0,D
1169,26131,6,5,5.0,3
1170,26133,2,D,4.0,
1171,26135,3,14,3.0,
1172,26137,6,10,2.0,
1173,26139,24,30,11.0,D
1174,26141,5,5,11.0,D
1175,26143,9,16,7.0,D
1176,26145,33,16,43.0,6
1177,26147,15,19,26.0,13
1178,26149,10,6,5.0,D
1179,26151,1,7,6.0,7
1180,26153,11,9,3.0,D
1181,26155,3,6,12.0,D
1182,26159,18,12,6.0,D
1183,26161,44,42,34.0,9
1184,26163,166,108,238.0,243
1185,26165,9,10,7.0,3
1186,27001,5,6,9.0,D
1187,27003,12,21,19.0,4
1188,27005,26,9,4.0,D
1189,27007,18,14,11.0,D
1190,27009,4,D,8.0,D
1191,27011,2,D,4.0,D
1192,27013,16,3,14.0,3
1193,27015,3,4,12.0,
1194,27017,5,4,11.0,D
1195,27019,6,14,20.0,D
1196,27021,49,41,5.0,D
1197,27023,1,3,4.0,
1198,27025,5,12,9.0,D
1199,27027,8,D,16.0,3
1200,27029,2,,6.0,
1201,27031,34,20,1.0,D
1202,27033,2,,4.0,
1203,27035,39,28,23.0,D
1204,27037,47,33,27.0,6
1205,27039,1,D,6.0,
1206,27041,20,13,5.0,
1207,27043,2,D,7.0,D
1208,27045,15,17,8.0,D
1209,27047,8,D,10.0,
1210,27049,21,9,9.0,
1211,27053,159,100,100.0,31
1212,27055,4,6,7.0,D
1213,27057,25,30,9.0,
1214,27059,1,D,6.0,3
1215,27061,25,37,14.0,11
1216,27063,5,D,2.0,
1217,27065,2,,2.0,D
1218,27067,14,4,4.0,
1219,27069,1,D,1.0,
1220,27071,12,10,4.0,D
1221,27073,1,D,4.0,D
1222,27075,19,16,3.0,
1223,27077,13,6,,
1224,27079,2,4,15.0,D
1225,27081,1,D,3.0,
1226,27083,8,D,5.0,
1227,27085,6,D,5.0,3
1228,27087,4,D,2.0,
1229,27089,1,D,7.0,
1230,27091,6,D,7.0,3
1231,27093,2,D,6.0,D
1232,27095,11,6,6.0,
1233,27097,10,9,28.0,D
1234,27099,6,3,12.0,D
1235,27101,1,D,3.0,D
1236,27103,4,,7.0,D
1237,27105,8,D,6.0,3
1238,27107,1,D,6.0,D
1239,27109,53,6,18.0,D
1240,27111,27,36,12.0,D
1241,27113,6,,,
1242,27115,4,7,7.0,3
1243,27117,4,D,2.0,4
1244,27119,8,D,9.0,3
1245,27121,5,6,8.0,
1246,27123,43,35,74.0,14
1247,27127,5,,9.0,D
1248,27131,11,9,11.0,D
1249,27133,2,D,1.0,3
1250,27135,6,5,4.0,D
1251,27137,98,67,79.0,12
1252,27139,15,8,18.0,D
1253,27141,6,8,6.0,D
1254,27143,2,3,5.0,3
1255,27145,31,18,46.0,9
1256,27147,9,,4.0,D
1257,27149,5,,1.0,D
1258,27151,2,D,4.0,D
1259,27153,4,7,10.0,
1260,27157,4,10,9.0,5
1261,27159,4,6,3.0,D
1262,27161,3,D,7.0,
1263,27163,32,23,22.0,4
1264,27165,2,D,,
1265,27169,12,7,24.0,11
1266,27171,14,8,12.0,D
1267,27173,3,,3.0,
1268,28001,24,22,5.0,8
1269,28003,7,D,1.0,3
1270,28005,1,D,,
1271,28007,3,,,
1272,28011,6,D,,
1273,28017,2,D,,
1274,28019,1,D,,
1275,28021,3,D,,
1276,28023,1,,,
1277,28025,7,D,2.0,D
1278,28027,8,D,,
1279,28029,4,D,,
1280,28031,2,,,
1281,28033,40,11,5.0,11
1282,28035,26,D,6.0,14
1283,28039,4,,,
1284,28043,13,,1.0,8
1285,28045,10,5,4.0,17
1286,28047,52,10,26.0,36
1287,28049,69,13,11.0,33
1288,28051,4,,,
1289,28057,2,D,,
1290,28059,35,7,21.0,18
1291,28061,1,,,
1292,28063,2,D,,
1293,28065,2,,,
1294,28067,15,3,,
1295,28069,1,,,
1296,28071,12,7,5.0,D
1297,28073,9,D,,
1298,28075,31,7,4.0,15
1299,28077,2,,,
1300,28079,2,D,,
1301,28081,29,9,2.0,5
1302,28083,21,D,,
1303,28085,10,D,,
1304,28087,13,6,1.0,9
1305,28089,27,9,2.0,7
1306,28091,4,D,,
1307,28093,5,4,,
1308,28095,5,4,,
1309,28097,6,,,
1310,28099,5,D,,
1311,28101,2,D,,
1312,28103,1,,,
1313,28105,10,D,,
1314,28107,13,D,,
1315,28109,8,D,3.0,3
1316,28113,12,D,2.0,D
1317,28115,2,,,
1318,28117,4,D,,
1319,28121,37,6,1.0,6
1320,28123,4,D,,
1321,28125,1,D,,
1322,28127,6,D,,
1323,28129,1,,,
1324,28131,2,6,,
1325,28133,6,D,,
1326,28137,2,,,
1327,28139,3,D,,
1328,28141,1,D,,
1329,28143,18,3,,
1330,28145,7,D,,
1331,28149,36,10,,
1332,28151,13,5,1.0,11
1333,28153,2,D,,
1334,28155,1,D,,
1335,28157,1,D,1.0,3
1336,28159,6,D,,
1337,28161,1,4,,
1338,28163,4,D,1.0,3
1339,29001,5,4,4.0,3
1340,29005,3,,1.0,
1341,29007,4,4,2.0,D
1342,29009,6,11,1.0,4
1343,29011,2,D,,
1344,29013,3,D,1.0,
1345,29015,7,6,4.0,4
1346,29017,1,,,
1347,29019,40,16,27.0,9
1348,29021,13,D,19.0,12
1349,29023,6,D,4.0,5
1350,29027,10,5,1.0,3
1351,29029,27,36,8.0,D
1352,29031,12,5,8.0,4
1353,29033,1,D,,
1354,29035,1,D,,
1355,29037,8,5,5.0,D
1356,29039,2,4,3.0,D
1357,29041,1,D,4.0,
1358,29043,5,4,2.0,4
1359,29045,1,D,,
1360,29047,34,11,17.0,10
1361,29049,1,D,1.0,D
1362,29051,15,4,9.0,4
1363,29053,6,D,1.0,D
1364,29055,8,4,3.0,D
1365,29059,3,D,,
1366,29061,1,D,1.0,
1367,29063,6,D,,
1368,29065,5,D,1.0,D
1369,29067,1,,,
1370,29069,3,4,1.0,4
1371,29071,18,15,11.0,D
1372,29073,7,30,1.0,4
1373,29075,1,,1.0,
1374,29077,62,11,42.0,18
1375,29079,1,D,,
1376,29081,4,,,
1377,29083,6,4,1.0,D
1378,29085,4,7,,
1379,29087,1,D,1.0,D
1380,29089,1,D,1.0,
1381,29091,8,D,1.0,D
1382,29093,6,4,,
1383,29095,98,41,114.0,61
1384,29097,14,11,15.0,5
1385,29099,13,8,13.0,10
1386,29101,4,4,10.0,6
1387,29105,11,D,,
1388,29107,2,9,2.0,D
1389,29109,4,3,,
1390,29111,1,D,,
1391,29113,4,D,2.0,D
1392,29115,2,D,1.0,4
1393,29117,2,D,2.0,3
1394,29119,4,D,2.0,3
1395,29121,5,D,,
1396,29123,3,D,,
1397,29127,12,D,4.0,3
1398,29129,1,,,
1399,29131,8,5,3.0,7
1400,29133,2,D,1.0,D
1401,29135,2,D,,
1402,29137,2,D,1.0,D
1403,29139,3,7,1.0,7
1404,29141,5,6,,
1405,29143,2,D,1.0,D
1406,29145,22,4,2.0,3
1407,29147,4,D,4.0,D
1408,29149,1,D,,
1409,29151,3,,,
1410,29153,4,7,1.0,D
1411,29155,3,D,,
1412,29157,3,D,6.0,D
1413,29159,6,D,5.0,D
1414,29161,14,,5.0,3
1415,29163,4,D,1.0,
1416,29165,35,12,10.0,5
1417,29167,3,D,,
1418,29169,26,D,5.0,6
1419,29173,5,D,1.0,D
1420,29175,2,D,3.0,
1421,29177,1,,3.0,D
1422,29179,6,3,,
1423,29181,1,D,2.0,
1424,29183,31,29,31.0,20
1425,29186,3,D,,
1426,29187,8,D,4.0,5
1427,29189,104,88,82.0,69
1428,29195,5,5,1.0,
1429,29199,1,3,,
1430,29201,11,,2.0,D
1431,29203,6,5,,
1432,29205,1,D,2.0,D
1433,29207,5,,,
1434,29209,37,41,2.0,3
1435,29213,119,54,3.0,D
1436,29215,6,D,1.0,D
1437,29217,4,D,1.0,
1438,29219,7,5,1.0,4
1439,29221,2,,,
1440,29223,1,,,
1441,29225,2,4,,
1442,29229,3,D,1.0,D
1443,29510,45,25,107.0,75
1444,30001,10,9,8.0,D
1445,30003,7,D,2.0,D
1446,30005,1,D,2.0,D
1447,30007,1,,6.0,D
1448,30009,11,16,9.0,4
1449,30013,28,5,44.0,4
1450,30015,2,5,6.0,
1451,30017,7,7,5.0,D
1452,30019,2,,3.0,D
1453,30021,9,D,6.0,
1454,30023,4,3,10.0,D
1455,30025,5,,2.0,D
1456,30027,9,6,10.0,D
1457,30029,62,76,43.0,14
1458,30031,83,47,35.0,15
1459,30033,1,D,2.0,
1460,30035,17,6,5.0,3
1461,30037,1,,2.0,
1462,30039,2,D,4.0,
1463,30041,7,D,12.0,D
1464,30043,1,4,7.0,D
1465,30047,10,14,15.0,D
1466,30049,28,18,24.0,D
1467,30053,10,8,12.0,4
1468,30057,15,11,9.0,D
1469,30059,2,D,5.0,D
1470,30061,3,5,5.0,D
1471,30063,56,29,41.0,8
1472,30065,2,D,4.0,D
1473,30067,40,29,14.0,D
1474,30071,2,5,6.0,D
1475,30073,2,3,4.0,
1476,30075,1,D,1.0,
1477,30077,2,D,7.0,
1478,30079,1,D,2.0,
1479,30081,16,17,11.0,7
1480,30083,8,D,10.0,
1481,30085,3,3,12.0,D
1482,30087,13,4,7.0,D
1483,30089,8,7,7.0,D
1484,30093,17,6,35.0,29
1485,30095,2,5,8.0,
1486,30097,6,3,2.0,D
1487,30099,2,,7.0,D
1488,30101,5,D,6.0,D
1489,30103,1,D,1.0,
1490,30105,7,D,7.0,D
1491,30107,3,D,4.0,
1492,30109,1,,1.0,D
1493,30111,52,13,52.0,9
1494,31001,9,D,9.0,3
1495,31003,1,3,2.0,D
1496,31011,1,D,2.0,
1497,31013,5,D,4.0,
1498,31015,1,D,3.0,D
1499,31017,2,D,1.0,D
1500,31019,23,D,16.0,6
1501,31021,1,D,2.0,3
1502,31023,1,D,4.0,6
1503,31025,1,D,3.0,D
1504,31027,1,3,2.0,D
1505,31029,2,D,1.0,
1506,31031,8,D,1.0,4
1507,31033,11,D,6.0,D
1508,31035,2,,2.0,D
1509,31037,2,,3.0,3
1510,31039,2,,3.0,3
1511,31041,6,5,2.0,D
1512,31043,6,,7.0,D
1513,31045,8,D,5.0,
1514,31047,11,,4.0,D
1515,31049,1,,,
1516,31053,7,D,16.0,D
1517,31055,76,28,184.0,40
1518,31061,1,,2.0,D
1519,31063,1,D,2.0,D
1520,31065,4,4,2.0,D
1521,31067,8,D,7.0,D
1522,31069,3,,1.0,
1523,31071,2,,2.0,
1524,31073,1,,,
1525,31075,2,D,,
1526,31079,23,D,17.0,3
1527,31081,1,D,2.0,
1528,31083,3,D,2.0,D
1529,31089,6,D,4.0,D
1530,31091,1,,,
1531,31093,2,D,3.0,3
1532,31095,2,,3.0,3
1533,31097,1,,,
1534,31099,2,,2.0,D
1535,31101,10,6,5.0,D
1536,31105,5,D,3.0,
1537,31107,2,7,7.0,4
1538,31109,63,13,70.0,11
1539,31111,19,6,10.0,D
1540,31119,13,D,9.0,D
1541,31121,1,D,3.0,3
1542,31123,1,D,,
1543,31127,3,D,2.0,D
1544,31129,1,D,3.0,D
1545,31131,4,D,6.0,3
1546,31135,1,,,
1547,31137,2,D,,
1548,31141,8,D,13.0,3
1549,31145,6,D,3.0,D
1550,31147,2,D,2.0,D
1551,31151,1,,4.0,4
1552,31153,20,10,19.0,12
1553,31155,1,,8.0,3
1554,31157,11,D,10.0,S
1555,31159,2,D,2.0,D
1556,31161,4,D,4.0,D
1557,31163,1,3,1.0,
1558,31169,2,,1.0,D
1559,31175,1,D,2.0,D
1560,31177,5,D,8.0,D
1561,31179,3,,4.0,
1562,31181,1,D,3.0,
1563,31185,10,,1.0,D
1564,32001,11,D,4.0,
1565,32003,273,257,473.0,114
1566,32005,17,28,16.0,D
1567,32007,43,15,17.0,10
1568,32011,1,D,,
1569,32013,23,5,9.0,4
1570,32015,4,7,1.0,4
1571,32017,5,D,4.0,D
1572,32019,7,D,9.0,D
1573,32021,3,4,2.0,D
1574,32023,18,11,13.0,9
1575,32027,5,D,4.0,
1576,32029,4,4,4.0,
1577,32031,96,64,120.0,22
1578,32033,11,5,6.0,D
1579,32510,20,3,20.0,D
1580,33001,36,25,3.0,D
1581,33003,81,38,,
1582,33005,15,12,3.0,3
1583,33007,33,22,1.0,
1584,33009,86,42,,
1585,33011,33,36,12.0,9
1586,33013,25,30,,
1587,33015,82,49,4.0,5
1588,33017,18,13,3.0,D
1589,33019,7,5,,
1590,34001,106,36,51.0,17
1591,34003,60,64,86.0,42
1592,34005,66,44,37.0,14
1593,34007,34,27,58.0,14
1594,34009,236,61,27.0,5
1595,34011,12,D,13.0,D
1596,34013,37,46,106.0,97
1597,34015,16,20,15.0,10
1598,34017,37,54,129.0,84
1599,34019,15,10,7.0,4
1600,34021,29,26,41.0,16
1601,34023,98,48,94.0,50
1602,34025,84,91,72.0,23
1603,34027,62,45,52.0,16
1604,34029,97,60,23.0,16
1605,34031,12,26,101.0,69
1606,34033,7,5,3.0,D
1607,34035,28,33,15.0,10
1608,34037,15,13,11.0,7
1609,34039,46,36,57.0,51
1610,34041,9,8,16.0,7
1611,35001,144,66,34.0,22
1612,35003,3,4,2.0,
1613,35005,20,15,4.0,
1614,35006,7,5,2.0,D
1615,35007,21,12,2.0,3
1616,35009,16,D,3.0,
1617,35011,1,D,,
1618,35013,33,13,4.0,16
1619,35015,25,8,4.0,D
1620,35017,11,8,3.0,
1621,35019,13,D,,
1622,35023,6,3,,
1623,35025,25,11,5.0,D
1624,35027,29,16,1.0,3
1625,35028,5,D,,
1626,35029,14,D,,
1627,35031,40,10,3.0,D
1628,35033,1,D,,
1629,35035,20,11,2.0,D
1630,35037,17,11,1.0,
1631,35039,19,15,2.0,D
1632,35041,5,D,1.0,
1633,35043,14,22,5.0,5
1634,35045,33,10,,
1635,35047,9,7,1.0,D
1636,35049,60,47,8.0,4
1637,35051,13,7,2.0,D
1638,35053,8,6,3.0,
1639,35055,52,20,4.0,D
1640,35057,7,D,,
1641,35059,6,,,
1642,35061,9,D,2.0,D
1643,36001,79,19,57.0,9
1644,36003,10,5,11.0,4
1645,36005,31,71,76.0,226
1646,36007,33,12,66.0,12
1647,36009,15,9,24.0,3
1648,36011,15,7,16.0,D
1649,36013,29,31,32.0,10
1650,36015,16,4,28.0,D
1651,36017,2,9,11.0,D
1652,36019,17,6,17.0,7
1653,36021,16,39,9.0,4
1654,36023,16,7,14.0,3
1655,36025,12,34,10.0,3
1656,36027,40,54,29.0,11
1657,36029,109,52,203.0,43
1658,36031,62,40,8.0,D
1659,36033,11,18,11.0,3
1660,36035,5,4,11.0,8
1661,36037,9,6,14.0,D
1662,36039,48,33,8.0,7
1663,36041,20,20,1.0,D
1664,36043,21,17,18.0,7
1665,36045,44,22,22.0,6
1666,36047,68,318,385.0,236
1667,36049,6,7,10.0,5
1668,36051,7,9,15.0,S
1669,36053,8,21,14.0,7
1670,36055,80,64,113.0,24
1671,36057,3,7,11.0,4
1672,36059,74,153,171.0,65
1673,36061,459,404,671.0,180
1674,36063,51,40,63.0,19
1675,36065,30,32,65.0,26
1676,36067,78,38,126.0,18
1677,36069,23,43,23.0,D
1678,36071,46,40,43.0,14
1679,36073,3,5,2.0,D
1680,36075,17,35,41.0,9
1681,36077,36,55,16.0,
1682,36079,6,10,10.0,3
1683,36081,111,252,293.0,274
1684,36083,9,14,18.0,8
1685,36085,8,48,40.0,26
1686,36087,17,27,23.0,15
1687,36089,25,17,40.0,5
1688,36091,53,33,30.0,14
1689,36093,11,10,20.0,17
1690,36095,5,11,6.0,D
1691,36097,18,27,7.0,D
1692,36099,7,17,4.0,D
1693,36101,26,19,24.0,D
1694,36103,150,170,173.0,77
1695,36105,33,26,9.0,7
1696,36107,7,5,6.0,
1697,36109,30,46,23.0,
1698,36111,58,86,22.0,7
1699,36113,125,69,20.0,3
1700,36115,4,20,14.0,6
1701,36117,5,19,9.0,4
1702,36119,53,85,87.0,61
1703,36121,1,3,6.0,D
1704,36123,11,20,4.0,
1705,37001,21,7,11.0,15
1706,37005,2,3,,
1707,37007,2,D,,
1708,37009,6,5,,
1709,37011,10,15,,
1710,37013,10,6,2.0,4
1711,37015,2,,,
1712,37017,4,5,,
1713,37019,22,15,10.0,10
1714,37021,113,82,42.0,15
1715,37023,7,9,1.0,4
1716,37025,27,24,5.0,9
1717,37027,4,3,,
1718,37031,35,14,9.0,17
1719,37033,1,,1.0,4
1720,37035,20,10,14.0,14
1721,37037,8,D,1.0,D
1722,37039,7,7,,
1723,37041,4,D,,
1724,37043,2,D,,
1725,37045,12,8,,
1726,37047,9,D,,
1727,37049,19,11,6.0,16
1728,37051,66,22,29.0,27
1729,37053,3,D,2.0,
1730,37055,69,24,4.0,D
1731,37057,14,9,3.0,11
1732,37059,5,6,1.0,D
1733,37061,7,5,,
1734,37063,57,37,23.0,21
1735,37065,1,D,2.0,7
1736,37067,48,34,38.0,29
1737,37069,4,D,,
1738,37071,21,9,5.0,18
1739,37075,8,10,,
1740,37077,8,4,1.0,
1741,37081,90,50,50.0,42
1742,37083,11,5,1.0,
1743,37085,10,7,1.0,5
1744,37087,37,27,2.0,3
1745,37089,30,28,2.0,5
1746,37091,3,D,,
1747,37093,2,4,1.0,D
1748,37095,12,5,1.0,D
1749,37097,35,15,2.0,9
1750,37099,24,11,4.0,
1751,37101,28,9,7.0,13
1752,37105,7,D,1.0,D
1753,37107,9,D,1.0,6
1754,37109,2,4,,
1755,37111,7,7,1.0,D
1756,37113,21,9,3.0,4
1757,37115,4,11,1.0,
1758,37117,7,D,,
1759,37119,196,113,106.0,104
1760,37121,6,3,,
1761,37123,1,D,,
1762,37125,15,12,10.0,4
1763,37127,22,5,,
1764,37129,77,32,47.0,27
1765,37131,1,D,,
1766,37133,30,16,34.0,17
1767,37135,17,11,19.0,7
1768,37137,1,D,,
1769,37139,12,7,1.0,3
1770,37141,5,7,4.0,D
1771,37143,1,D,,
1772,37145,6,,1.0,5
1773,37147,24,17,15.0,6
1774,37149,2,6,1.0,D
1775,37151,10,4,,
1776,37153,12,D,,
1777,37155,26,8,,
1778,37157,10,4,2.0,6
1779,37159,11,5,6.0,6
1780,37161,13,10,3.0,4
1781,37163,6,D,,
1782,37165,10,D,,
1783,37167,5,D,1.0,D
1784,37169,2,7,,
1785,37171,13,13,3.0,5
1786,37173,30,17,1.0,
1787,37175,6,9,1.0,D
1788,37177,2,,,
1789,37179,13,20,1.0,7
1790,37181,10,3,,
1791,37183,151,99,85.0,66
1792,37185,2,D,,
1793,37187,4,,,
1794,37189,32,23,5.0,D
1795,37191,18,5,11.0,7
1796,37193,7,8,,
1797,37195,20,6,2.0,D
1798,37197,7,6,,
1799,37199,1,9,,
1800,38001,1,4,2.0,
1801,38003,3,3,7.0,4
1802,38005,2,,5.0,
1803,38007,2,4,2.0,D
1804,38009,4,D,6.0,4
1805,38011,6,D,4.0,
1806,38013,1,D,7.0,
1807,38015,31,D,17.0,6
1808,38017,70,11,58.0,5
1809,38019,2,4,3.0,D
1810,38021,5,4,4.0,
1811,38023,3,D,2.0,D
1812,38025,1,,3.0,
1813,38027,2,D,3.0,3
1814,38029,2,D,4.0,4
1815,38031,2,,3.0,
1816,38033,1,,1.0,D
1817,38035,36,3,36.0,D
1818,38039,1,3,4.0,D
1819,38041,1,6,4.0,
1820,38043,1,4,3.0,D
1821,38045,2,D,5.0,D
1822,38051,2,,4.0,D
1823,38053,9,D,2.0,D
1824,38055,3,8,10.0,D
1825,38057,7,D,9.0,
1826,38059,7,D,17.0,D
1827,38061,7,D,12.0,D
1828,38063,1,D,5.0,3
1829,38067,2,3,8.0,9
1830,38069,3,D,3.0,
1831,38071,12,3,8.0,D
1832,38073,3,D,8.0,D
1833,38077,4,D,16.0,D
1834,38079,3,D,9.0,
1835,38081,4,D,5.0,D
1836,38085,1,D,3.0,D
1837,38089,26,3,11.0,D
1838,38093,12,D,11.0,D
1839,38097,2,D,10.0,D
1840,38099,3,D,12.0,D
1841,38101,31,7,31.0,3
1842,38103,5,D,1.0,3
1843,38105,25,8,16.0,D
1844,39001,3,5,,
1845,39003,13,10,18.0,16
1846,39005,7,8,3.0,7
1847,39007,13,20,20.0,19
1848,39009,10,16,13.0,3
1849,39011,7,D,10.0,3
1850,39013,13,6,12.0,18
1851,39015,3,5,2.0,14
1852,39017,36,14,52.0,44
1853,39019,4,D,4.0,4
1854,39021,1,6,3.0,4
1855,39023,16,8,18.0,14
1856,39025,12,12,14.0,10
1857,39027,7,,2.0,D
1858,39029,6,7,6.0,15
1859,39031,3,3,2.0,D
1860,39033,7,4,6.0,7
1861,39035,126,96,263.0,240
1862,39037,4,6,8.0,6
1863,39039,4,5,8.0,3
1864,39041,20,13,20.0,12
1865,39043,45,18,33.0,6
1866,39045,13,13,24.0,8
1867,39047,9,D,3.0,5
1868,39049,189,87,259.0,119
1869,39051,3,D,6.0,4
1870,39053,4,4,2.0,5
1871,39055,5,7,6.0,5
1872,39057,24,16,15.0,17
1873,39059,12,4,5.0,5
1874,39061,89,39,180.0,85
1875,39063,17,6,11.0,4
1876,39065,2,D,4.0,4
1877,39067,1,D,2.0,3
1878,39069,1,4,4.0,D
1879,39071,3,5,1.0,D
1880,39073,16,31,3.0,6
1881,39075,23,31,,
1882,39077,9,D,11.0,7
1883,39079,4,6,1.0,D
1884,39081,4,D,13.0,7
1885,39083,8,11,6.0,3
1886,39085,21,17,51.0,33
1887,39087,6,3,3.0,5
1888,39089,13,14,16.0,20
1889,39091,3,3,4.0,D
1890,39093,21,22,42.0,35
1891,39095,52,22,100.0,39
1892,39097,4,D,4.0,5
1893,39099,26,12,43.0,38
1894,39101,5,D,9.0,7
1895,39103,16,11,15.0,9
1896,39105,1,D,4.0,
1897,39107,5,D,8.0,5
1898,39109,15,D,10.0,5
1899,39113,72,37,97.0,55
1900,39115,3,,2.0,D
1901,39117,3,6,,
1902,39119,14,5,17.0,13
1903,39121,2,,3.0,
1904,39123,32,24,17.0,D
1905,39129,5,5,3.0,5
1906,39131,1,5,3.0,D
1907,39133,20,10,28.0,12
1908,39135,2,8,5.0,D
1909,39139,19,11,18.0,26
1910,39141,7,4,7.0,6
1911,39143,11,5,16.0,5
1912,39145,10,,10.0,6
1913,39147,8,D,16.0,D
1914,39149,5,8,4.0,D
1915,39151,34,13,60.0,55
1916,39153,55,35,122.0,59
1917,39155,22,12,45.0,36
1918,39157,14,10,19.0,12
1919,39159,6,D,5.0,D
1920,39161,2,3,5.0,4
1921,39163,1,9,1.0,D
1922,39165,40,22,12.0,10
1923,39167,13,5,8.0,8
1924,39169,11,11,8.0,D
1925,39171,5,D,4.0,D
1926,39173,23,8,26.0,6
1927,39175,4,,7.0,D
1928,40001,3,,1.0,4
1929,40003,1,D,,
1930,40005,6,5,,
1931,40007,2,,1.0,D
1932,40009,19,D,3.0,3
1933,40011,3,D,1.0,5
1934,40013,11,D,2.0,5
1935,40015,2,6,1.0,6
1936,40017,15,12,8.0,10
1937,40019,23,,4.0,S
1938,40021,11,9,1.0,D
1939,40023,3,D,,
1940,40025,2,D,,
1941,40027,31,20,22.0,8
1942,40029,1,D,,
1943,40031,24,9,22.0,20
1944,40035,3,D,,
1945,40037,4,7,4.0,3
1946,40039,16,4,1.0,4
1947,40041,10,3,5.0,D
1948,40043,1,,,
1949,40045,1,3,,
1950,40047,23,3,14.0,15
1951,40049,9,D,2.0,D
1952,40051,6,7,2.0,3
1953,40059,1,5,1.0,
1954,40061,1,D,,
1955,40063,1,D,1.0,3
1956,40065,9,D,3.0,4
1957,40067,1,,,
1958,40069,2,,,
1959,40071,12,4,6.0,12
1960,40073,2,D,,
1961,40075,1,,,
1962,40077,2,D,,
1963,40079,5,15,2.0,10
1964,40081,3,5,,
1965,40083,7,5,2.0,6
1966,40085,4,D,5.0,D
1967,40087,5,,2.0,3
1968,40089,19,51,1.0,4
1969,40091,9,7,1.0,5
1970,40095,3,7,2.0,
1971,40097,8,3,2.0,6
1972,40099,4,12,2.0,D
1973,40101,16,13,,
1974,40103,6,D,1.0,4
1975,40105,1,D,,
1976,40107,1,,,
1977,40109,199,55,112.0,86
1978,40111,10,7,1.0,7
1979,40113,4,D,2.0,5
1980,40115,11,D,2.0,D
1981,40117,3,D,,
1982,40119,20,6,13.0,4
1983,40121,19,5,4.0,8
1984,40123,10,D,2.0,
1985,40125,9,D,3.0,6
1986,40127,4,D,,
1987,40129,1,D,1.0,D
1988,40131,11,5,5.0,3
1989,40133,3,D,1.0,6
1990,40135,13,4,2.0,7
1991,40137,5,7,5.0,6
1992,40139,9,3,3.0,
1993,40143,141,40,111.0,56
1994,40145,6,6,3.0,12
1995,40147,12,D,2.0,5
1996,40149,1,4,,
1997,40151,10,D,4.0,3
1998,40153,12,D,4.0,4
1999,41001,10,13,4.0,D
2000,41003,14,11,9.0,
2001,41005,40,65,60.0,8
2002,41007,59,35,13.0,D
2003,41009,5,3,14.0,D
2004,41011,19,13,10.0,D
2005,41013,6,6,3.0,D
2006,41015,25,14,5.0,D
2007,41017,64,82,35.0,7
2008,41019,37,14,21.0,7
2009,41021,3,,,
2010,41023,6,6,,
2011,41025,8,4,1.0,
2012,41027,14,19,5.0,D
2013,41029,88,67,37.0,4
2014,41031,9,4,4.0,
2015,41033,27,12,12.0,5
2016,41035,30,17,9.0,D
2017,41037,10,D,4.0,
2018,41039,81,65,63.0,10
2019,41041,86,24,13.0,D
2020,41043,11,7,15.0,D
2021,41045,10,5,4.0,D
2022,41047,34,26,69.0,D
2023,41049,5,,1.0,D
2024,41051,166,242,362.0,36
2025,41053,5,7,14.0,D
2026,41055,3,,,
2027,41057,32,25,6.0,
2028,41059,29,6,17.0,D
2029,41061,8,7,4.0,D
2030,41063,11,13,1.0,D
2031,41065,13,4,4.0,D
2032,41067,54,61,70.0,8
2033,41069,2,D,,
2034,41071,25,24,6.0,7
2035,42001,40,17,11.0,3
2036,42003,132,74,399.0,142
2037,42005,5,4,20.0,15
2038,42007,12,15,55.0,25
2039,42009,16,9,11.0,D
2040,42011,33,36,57.0,30
2041,42013,16,13,32.0,10
2042,42015,13,6,15.0,5
2043,42017,64,62,77.0,24
2044,42019,21,13,26.0,7
2045,42021,16,D,49.0,22
2046,42023,1,,4.0,D
2047,42025,6,16,6.0,9
2048,42027,30,46,19.0,5
2049,42029,33,57,27.0,8
2050,42031,7,8,13.0,D
2051,42033,17,5,18.0,8
2052,42035,13,5,13.0,7
2053,42037,9,11,10.0,9
2054,42039,10,8,30.0,11
2055,42041,53,31,18.0,6
2056,42043,78,24,41.0,24
2057,42045,34,34,114.0,31
2058,42047,7,3,15.0,D
2059,42049,40,27,103.0,15
2060,42051,17,16,40.0,34
2061,42053,6,D,5.0,3
2062,42055,26,16,16.0,D
2063,42057,1,4,1.0,3
2064,42059,7,D,4.0,4
2065,42061,5,11,7.0,D
2066,42063,11,D,23.0,12
2067,42065,5,10,15.0,D
2068,42067,1,3,3.0,D
2069,42069,28,9,61.0,46
2070,42071,112,137,49.0,14
2071,42073,6,6,23.0,6
2072,42075,12,10,15.0,5
2073,42077,37,36,47.0,15
2074,42079,41,16,82.0,101
2075,42081,19,7,31.0,6
2076,42083,10,8,18.0,D
2077,42085,19,8,29.0,12
2078,42087,3,D,9.0,D
2079,42089,46,24,22.0,13
2080,42091,67,52,91.0,20
2081,42093,5,6,2.0,D
2082,42095,24,36,35.0,10
2083,42097,2,7,26.0,15
2084,42099,1,D,8.0,3
2085,42101,81,88,466.0,199
2086,42103,16,18,6.0,4
2087,42105,8,7,7.0,
2088,42107,13,7,29.0,45
2089,42109,7,4,4.0,
2090,42111,17,16,22.0,8
2091,42113,4,D,,
2092,42115,9,15,18.0,5
2093,42117,12,17,16.0,
2094,42119,9,8,1.0,
2095,42121,10,6,19.0,D
2096,42123,6,7,13.0,3
2097,42125,24,12,44.0,35
2098,42127,12,16,13.0,6
2099,42129,45,29,81.0,50
2100,42131,6,D,12.0,4
2101,42133,36,43,49.0,12
2102,44001,3,12,11.0,D
2103,44003,24,14,26.0,D
2104,44005,64,44,19.0,D
2105,44007,30,41,169.0,69
2106,44009,52,25,19.0,7
2107,45001,2,D,,
2108,45003,30,13,1.0,26
2109,45007,31,11,16.0,22
2110,45009,3,D,,
2111,45011,3,D,,
2112,45013,57,37,15.0,5
2113,45015,20,17,13.0,11
2114,45019,160,105,73.0,39
2115,45021,8,3,1.0,5
2116,45023,6,5,1.0,D
2117,45025,6,D,1.0,D
2118,45027,14,6,,
2119,45029,20,8,2.0,12
2120,45031,8,5,3.0,9
2121,45033,12,D,1.0,6
2122,45035,14,20,9.0,9
2123,45037,3,D,,
2124,45039,3,D,,
2125,45041,56,11,11.0,28
2126,45043,15,11,3.0,17
2127,45045,80,61,30.0,48
2128,45047,12,9,3.0,6
2129,45049,6,D,,
2130,45051,213,72,65.0,51
2131,45053,13,4,2.0,
2132,45055,10,7,2.0,4
2133,45057,5,7,4.0,5
2134,45059,11,D,2.0,5
2135,45061,3,D,1.0,D
2136,45063,45,16,13.0,41
2137,45065,1,,,
2138,45067,3,3,1.0,7
2139,45069,4,D,,
2140,45071,6,,2.0,7
2141,45073,8,13,4.0,5
2142,45075,31,6,2.0,16
2143,45077,15,6,11.0,9
2144,45079,79,35,39.0,47
2145,45081,1,D,,
2146,45083,40,22,6.0,29
2147,45085,20,D,9.0,9
2148,45087,4,D,,
2149,45089,3,D,1.0,9
2150,45091,34,20,12.0,26
2151,46003,2,3,2.0,D
2152,46005,6,4,11.0,D
2153,46007,1,,2.0,
2154,46011,10,D,18.0,D
2155,46013,29,10,15.0,4
2156,46015,7,4,5.0,D
2157,46017,1,,,
2158,46019,5,D,4.0,4
2159,46023,7,6,1.0,D
2160,46025,2,D,3.0,
2161,46027,6,D,9.0,D
2162,46029,13,4,13.0,D
2163,46033,13,19,2.0,D
2164,46035,19,D,7.0,
2165,46037,5,9,3.0,D
2166,46039,1,D,2.0,
2167,46041,2,D,1.0,D
2168,46043,1,4,1.0,
2169,46045,1,,5.0,
2170,46047,15,3,6.0,
2171,46049,2,D,2.0,
2172,46051,2,D,4.0,3
2173,46053,3,5,2.0,D
2174,46055,1,,2.0,
2175,46059,2,8,3.0,D
2176,46063,1,,1.0,
2177,46065,9,D,3.0,D
2178,46067,2,,5.0,
2179,46069,2,D,,
2180,46071,5,D,,
2181,46075,7,D,1.0,
2182,46077,3,D,4.0,4
2183,46079,3,3,6.0,D
2184,46081,52,20,12.0,5
2185,46083,6,8,10.0,
2186,46085,5,D,,
2187,46087,5,,3.0,D
2188,46089,2,D,2.0,
2189,46091,2,4,3.0,S
2190,46093,8,8,11.0,3
2191,46095,1,,,
2192,46097,1,D,3.0,D
2193,46099,54,19,56.0,11
2194,46101,1,,4.0,
2195,46103,99,39,25.0,5
2196,46105,1,D,,
2197,46107,3,D,,
2198,46109,2,D,1.0,D
2199,46113,3,D,,
2200,46115,2,3,3.0,D
2201,46117,4,D,2.0,D
2202,46119,2,D,1.0,
2203,46123,4,6,3.0,D
2204,46127,7,D,6.0,
2205,46129,8,4,6.0,D
2206,46135,9,D,12.0,4
2207,47001,10,7,1.0,5
2208,47003,5,12,,
2209,47005,2,,1.0,D
2210,47009,37,20,4.0,D
2211,47011,31,5,3.0,10
2212,47013,4,D,1.0,7
2213,47017,3,3,,
2214,47019,1,4,,
2215,47021,2,6,1.0,D
2216,47023,1,D,,
2217,47025,4,D,,
2218,47027,1,D,,
2219,47029,15,8,,
2220,47031,22,3,3.0,D
2221,47033,1,,,
2222,47035,5,11,3.0,6
2223,47037,184,131,100.0,53
2224,47039,4,3,1.0,4
2225,47041,2,5,1.0,D
2226,47043,12,D,1.0,D
2227,47045,7,5,3.0,8
2228,47047,1,D,1.0,D
2229,47049,1,7,,
2230,47051,4,6,1.0,3
2231,47053,6,D,2.0,8
2232,47055,6,D,,
2233,47057,1,,,
2234,47059,9,8,1.0,14
2235,47061,4,D,,
2236,47063,12,6,,
2237,47065,105,43,14.0,27
2238,47069,3,D,,
2239,47071,6,D,1.0,5
2240,47073,4,,1.0,D
2241,47075,5,3,,
2242,47077,5,D,,
2243,47079,7,5,7.0,6
2244,47081,1,D,,
2245,47083,1,,,
2246,47085,8,D,1.0,5
2247,47089,14,4,,
2248,47091,6,6,,
2249,47093,80,55,44.0,26
2250,47095,2,D,,
2251,47097,2,D,,
2252,47099,4,4,,
2253,47101,1,D,,
2254,47103,4,D,,
2255,47105,10,7,,
2256,47107,14,D,,
2257,47109,3,D,,
2258,47111,1,5,,
2259,47113,33,11,7.0,14
2260,47115,9,D,,
2261,47117,5,,1.0,3
2262,47119,12,6,4.0,9
2263,47123,12,6,1.0,4
2264,47125,32,12,14.0,16
2265,47127,1,D,,
2266,47129,1,3,,
2267,47131,7,5,2.0,7
2268,47133,1,,,
2269,47135,1,,,
2270,47137,2,,,
2271,47139,3,5,1.0,4
2272,47141,16,4,4.0,9
2273,47143,6,6,1.0,D
2274,47145,6,5,2.0,D
2275,47147,8,11,,
2276,47149,42,12,13.0,19
2277,47151,2,3,1.0,5
2278,47153,1,D,,
2279,47155,217,74,4.0,4
2280,47157,171,90,53.0,80
2281,47159,3,D,,
2282,47161,2,D,,
2283,47163,28,12,7.0,4
2284,47165,10,15,3.0,11
2285,47167,5,D,,
2286,47171,7,,,
2287,47175,1,D,,
2288,47177,4,D,,
2289,47179,19,15,7.0,D
2290,47181,3,,1.0,
2291,47183,4,D,3.0,3
2292,47185,1,D,,
2293,47187,45,33,6.0,5
2294,47189,19,16,5.0,4
2295,48001,14,6,2.0,D
2296,48003,6,D,1.0,D
2297,48005,16,11,2.0,7
2298,48007,22,27,5.0,9
2299,48013,13,9,2.0,8
2300,48015,6,7,4.0,8
2301,48017,3,3,,
2302,48019,7,23,7.0,D
2303,48021,14,11,3.0,12
2304,48023,1,D,,
2305,48025,14,,6.0,5
2306,48027,66,26,49.0,39
2307,48029,356,212,269.0,273
2308,48031,5,9,3.0,D
2309,48035,5,6,2.0,D
2310,48037,24,8,4.0,6
2311,48039,49,28,20.0,49
2312,48041,40,23,34.0,14
2313,48043,16,15,6.0,D
2314,48047,3,D,,
2315,48049,13,5,3.0,4
2316,48051,6,3,3.0,9
2317,48053,14,13,1.0,5
2318,48055,5,3,2.0,10
2319,48057,20,10,3.0,D
2320,48059,1,,1.0,
2321,48061,80,43,38.0,62
2322,48063,2,,,
2323,48065,2,D,,
2324,48067,4,D,,
2325,48069,2,D,1.0,
2326,48071,11,6,2.0,4
2327,48073,6,D,1.0,5
2328,48075,8,4,,
2329,48077,2,,,
2330,48083,2,D,1.0,D
2331,48085,86,99,31.0,53
2332,48089,8,12,1.0,6
2333,48091,43,45,34.0,10
2334,48093,1,3,,
2335,48097,14,11,5.0,D
2336,48099,7,6,1.0,6
2337,48103,1,,,
2338,48105,7,D,,
2339,48107,1,D,,
2340,48109,9,12,,
2341,48111,8,5,,
2342,48113,460,281,234.0,300
2343,48115,4,3,1.0,
2344,48117,2,D,1.0,D
2345,48121,68,70,51.0,66
2346,48123,8,D,1.0,5
2347,48127,12,D,1.0,D
2348,48129,1,D,,
2349,48131,6,4,1.0,5
2350,48133,10,D,,
2351,48135,28,14,23.0,32
2352,48137,1,3,,
2353,48139,20,11,3.0,11
2354,48141,95,25,140.0,198
2355,48143,10,3,4.0,6
2356,48145,2,D,,
2357,48147,2,8,,
2358,48149,19,27,5.0,9
2359,48153,1,D,,
2360,48157,64,54,34.0,64
2361,48159,2,D,,
2362,48161,6,8,,
2363,48163,21,D,2.0,D
2364,48165,6,D,,
2365,48167,67,46,54.0,77
2366,48169,3,D,,
2367,48171,27,113,4.0,7
2368,48175,2,,,
2369,48177,8,7,1.0,5
2370,48179,7,4,,
2371,48181,29,11,10.0,15
2372,48183,43,19,15.0,21
2373,48185,6,3,,
2374,48187,18,14,16.0,12
2375,48189,7,3,5.0,D
2376,48191,2,,,
2377,48193,3,9,,
2378,48197,1,D,,
2379,48199,5,4,2.0,6
2380,48201,706,411,483.0,721
2381,48203,15,10,,
2382,48207,4,D,,
2383,48209,39,68,25.0,16
2384,48211,2,4,,
2385,48213,8,8,5.0,12
2386,48215,71,85,47.0,109
2387,48217,13,8,2.0,6
2388,48219,4,D,2.0,
2389,48221,10,15,2.0,10
2390,48223,8,D,2.0,D
2391,48225,2,3,,
2392,48227,15,5,2.0,D
2393,48229,2,,,
2394,48231,17,7,7.0,9
2395,48233,4,6,5.0,D
2396,48237,1,D,,
2397,48239,2,D,,
2398,48241,8,11,2.0,D
2399,48243,5,5,,
2400,48245,54,17,19.0,28
2401,48247,3,D,1.0,
2402,48249,13,4,6.0,13
2403,48251,24,D,3.0,15
2404,48253,3,,,
2405,48255,13,7,2.0,6
2406,48257,16,11,4.0,26
2407,48259,13,22,3.0,D
2408,48265,21,14,3.0,7
2409,48267,8,4,,
2410,48273,12,7,3.0,9
2411,48275,1,D,,
2412,48277,13,3,1.0,D
2413,48279,2,D,,
2414,48281,3,D,,
2415,48283,14,D,2.0,4
2416,48285,12,7,1.0,11
2417,48287,5,3,1.0,D
2418,48289,13,3,,
2419,48291,9,14,3.0,13
2420,48293,7,6,1.0,7
2421,48295,1,4,,
2422,48297,11,D,1.0,
2423,48299,6,15,6.0,D
2424,48303,67,3,43.0,19
2425,48307,4,D,,
2426,48309,50,23,30.0,31
2427,48311,2,,,
2428,48313,5,D,,
2429,48315,7,18,1.0,3
2430,48317,2,,,
2431,48321,13,7,5.0,11
2432,48323,18,D,2.0,6
2433,48325,5,5,2.0,14
2434,48327,1,D,,
2435,48329,47,19,16.0,19
2436,48331,7,D,2.0,12
2437,48333,1,,,
2438,48335,1,D,,
2439,48337,4,5,1.0,D
2440,48339,45,43,37.0,62
2441,48341,9,5,2.0,8
2442,48345,1,,,
2443,48347,19,8,5.0,9
2444,48349,11,5,,
2445,48353,9,D,,
2446,48355,114,38,71.0,98
2447,48357,3,4,,
2448,48359,4,D,,
2449,48361,18,D,3.0,14
2450,48363,7,11,1.0,7
2451,48365,8,D,,
2452,48367,17,16,2.0,16
2453,48369,1,D,,
2454,48371,17,8,2.0,D
2455,48373,6,7,2.0,5
2456,48375,47,28,37.0,12
2457,48377,6,3,,
2458,48379,4,5,,
2459,48381,10,7,11.0,10
2460,48383,5,,,
2461,48385,2,8,,
2462,48387,1,D,,
2463,48389,15,,2.0,
2464,48391,1,4,1.0,D
2465,48395,5,6,,
2466,48397,11,15,3.0,15
2467,48399,3,D,1.0,4
2468,48401,5,D,,
2469,48403,1,D,,
2470,48405,1,D,,
2471,48409,23,15,4.0,12
2472,48411,6,D,,
2473,48413,1,,,
2474,48415,11,D,1.0,3
2475,48417,1,,,
2476,48419,6,5,,
2477,48423,48,20,4.0,26
2478,48425,10,D,,
2479,48427,2,D,,
2480,48429,2,,2.0,
2481,48431,3,,,
2482,48433,1,D,,
2483,48435,5,,,
2484,48437,2,D,,
2485,48439,294,158,171.0,196
2486,48441,40,14,20.0,10
2487,48443,1,4,,
2488,48445,4,D,1.0,
2489,48449,12,6,,
2490,48451,31,8,20.0,21
2491,48453,193,188,287.0,152
2492,48455,2,D,2.0,6
2493,48457,2,3,,
2494,48459,1,D,,
2495,48461,2,,,
2496,48463,20,6,2.0,7
2497,48465,15,D,6.0,6
2498,48467,8,15,1.0,10
2499,48469,16,7,14.0,14
2500,48471,12,4,6.0,
2501,48473,7,D,1.0,7
2502,48475,6,D,,
2503,48477,12,18,2.0,4
2504,48479,41,13,14.0,34
2505,48481,4,5,1.0,15
2506,48483,8,5,,
2507,48485,33,12,27.0,12
2508,48487,8,D,,
2509,48489,5,D,,
2510,48491,55,30,22.0,42
2511,48493,11,3,3.0,10
2512,48495,3,D,,
2513,48497,16,7,,
2514,48499,7,14,,
2515,48501,2,D,,
2516,48503,4,D,,
2517,48505,3,3,,
2518,48507,3,,,
2519,49001,12,,1.0,D
2520,49003,4,4,2.0,D
2521,49005,14,9,,
2522,49007,6,,1.0,D
2523,49009,5,D,,
2524,49011,16,12,7.0,5
2525,49013,10,D,2.0,
2526,49015,8,D,1.0,
2527,49017,30,13,,
2528,49019,34,23,2.0,
2529,49021,26,14,1.0,D
2530,49023,4,D,,
2531,49025,22,21,,
2532,49027,7,3,1.0,
2533,49031,2,5,,
2534,49033,1,,,
2535,49035,153,106,93.0,19
2536,49037,18,11,,
2537,49039,6,11,1.0,
2538,49041,16,3,,
2539,49043,25,35,9.0,6
2540,49045,11,D,4.0,D
2541,49047,19,D,6.0,
2542,49049,40,32,10.0,
2543,49051,9,9,1.0,
2544,49053,67,36,2.0,
2545,49055,11,11,,
2546,49057,25,13,23.0,D
2547,50001,12,38,2.0,D
2548,50003,37,42,2.0,D
2549,50005,10,24,5.0,
2550,50007,52,49,32.0,D
2551,50009,3,D,,
2552,50011,9,8,5.0,D
2553,50013,5,10,,
2554,50015,36,28,6.0,
2555,50017,4,15,3.0,D
2556,50019,9,28,4.0,
2557,50021,54,31,25.0,
2558,50023,28,47,8.0,
2559,50025,48,39,10.0,
2560,50027,55,42,4.0,D
2561,51001,25,7,,
2562,51003,17,27,1.0,D
2563,51005,5,D,,
2564,51007,1,4,,
2565,51009,3,6,,
2566,51011,2,4,,
2567,51013,45,22,15.0,9
2568,51015,17,8,1.0,
2569,51017,12,D,,
2570,51019,1,15,,
2571,51021,1,D,,
2572,51023,8,5,,
2573,51027,1,D,,
2574,51029,1,3,,
2575,51031,3,D,,
2576,51033,8,3,,
2577,51035,7,7,,
2578,51036,3,D,,
2579,51041,55,30,2.0,3
2580,51043,3,7,,
2581,51047,11,7,,
2582,51051,2,D,,
2583,51053,1,3,,
2584,51057,5,D,,
2585,51059,111,99,10.0,34
2586,51061,13,4,1.0,5
2587,51063,4,10,1.0,
2588,51067,9,3,,
2589,51069,21,13,,
2590,51071,4,4,,
2591,51073,5,D,2.0,
2592,51075,1,,,
2593,51077,1,5,,
2594,51079,6,4,,
2595,51081,9,,,
2596,51083,8,6,,
2597,51085,18,7,,
2598,51087,76,19,5.0,4
2599,51089,7,3,,
2600,51091,2,4,,
2601,51093,5,,,
2602,51095,17,8,,
2603,51099,6,D,,
2604,51103,4,D,,
2605,51105,2,D,,
2606,51107,36,40,12.0,7
2607,51109,3,5,,
2608,51113,2,3,,
2609,51115,2,D,,
2610,51117,12,6,,
2611,51119,1,4,,
2612,51121,23,D,2.0,
2613,51125,7,7,,
2614,51127,1,3,,
2615,51131,13,5,,
2616,51133,1,4,,
2617,51135,4,D,,
2618,51137,7,9,,
2619,51139,10,30,,
2620,51141,1,7,,
2621,51143,2,D,,
2622,51147,9,D,1.0,
2623,51149,9,5,,
2624,51153,39,29,5.0,10
2625,51155,13,D,,
2626,51157,9,7,,
2627,51159,1,,,
2628,51161,14,5,,
2629,51163,23,7,1.0,
2630,51165,6,10,,
2631,51167,2,D,,
2632,51169,1,,,
2633,51171,11,10,,
2634,51173,5,8,,
2635,51175,2,D,,
2636,51177,15,12,2.0,D
2637,51179,28,6,1.0,
2638,51183,3,,,
2639,51185,7,D,1.0,
2640,51187,8,13,,
2641,51191,20,21,1.0,
2642,51193,4,5,1.0,
2643,51195,5,D,,
2644,51197,20,6,,
2645,51199,26,7,1.0,
2646,51510,24,17,5.0,9
2647,51515,2,D,,
2648,51520,8,,1.0,D
2649,51530,2,,,
2650,51540,24,13,2.0,D
2651,51550,51,9,1.0,D
2652,51570,4,D,,
2653,51580,2,D,,
2654,51590,13,3,1.0,3
2655,51595,6,,,
2656,51600,9,4,2.0,
2657,51610,3,D,1.0,
2658,51620,4,,,
2659,51630,15,D,1.0,
2660,51640,5,D,,
2661,51650,19,14,4.0,D
2662,51660,22,D,1.0,
2663,51670,8,D,2.0,D
2664,51678,4,7,1.0,
2665,51680,20,D,2.0,D
2666,51683,5,D,,
2667,51690,2,D,,
2668,51700,43,7,7.0,8
2669,51710,37,10,15.0,5
2670,51720,2,,,
2671,51730,14,4,,
2672,51740,11,4,6.0,D
2673,51750,3,,1.0,
2674,51760,42,32,15.0,5
2675,51770,29,7,4.0,D
2676,51775,12,D,,
2677,51790,8,3,1.0,D
2678,51800,13,4,,
2679,51810,113,45,17.0,14
2680,51820,9,4,,
2681,51830,38,16,,
2682,51840,9,3,2.0,3
2683,53001,7,D,1.0,D
2684,53003,6,D,1.0,
2685,53005,37,3,18.0,4
2686,53007,69,52,5.0,
2687,53009,50,44,9.0,5
2688,53011,35,31,38.0,10
2689,53013,3,D,,
2690,53015,26,7,13.0,D
2691,53017,3,4,5.0,D
2692,53019,5,3,1.0,
2693,53021,13,4,6.0,D
2694,53025,34,5,8.0,3
2695,53027,45,31,20.0,D
2696,53029,20,73,7.0,D
2697,53031,22,30,4.0,
2698,53033,300,407,308.0,46
2699,53035,22,60,22.0,7
2700,53037,23,5,13.0,D
2701,53039,8,12,4.0,D
2702,53041,18,14,9.0,D
2703,53043,1,D,2.0,
2704,53045,10,8,5.0,
2705,53047,29,26,4.0,5
2706,53049,32,12,7.0,
2707,53051,5,D,,
2708,53053,83,79,80.0,14
2709,53055,38,33,1.0,D
2710,53057,40,37,15.0,4
2711,53059,7,4,1.0,D
2712,53061,83,71,59.0,12
2713,53063,73,49,74.0,10
2714,53065,11,7,5.0,3
2715,53067,26,31,30.0,4
2716,53071,19,16,6.0,D
2717,53073,42,47,33.0,D
2718,53075,12,11,10.0,D
2719,53077,48,10,27.0,5
2720,54001,1,D,1.0,D
2721,54003,12,9,26.0,9
2722,54005,5,D,,
2723,54007,3,D,2.0,4
2724,54009,1,3,18.0,D
2725,54011,15,3,36.0,11
2726,54015,1,,,
2727,54019,9,6,8.0,7
2728,54021,1,,1.0,D
2729,54023,3,D,,
2730,54025,9,9,6.0,9
2731,54027,4,D,2.0,3
2732,54029,3,D,18.0,10
2733,54031,3,4,2.0,D
2734,54033,13,D,12.0,13
2735,54035,6,,5.0,
2736,54037,20,16,13.0,D
2737,54039,35,6,46.0,29
2738,54041,3,D,4.0,D
2739,54045,6,3,1.0,3
2740,54047,2,,1.0,D
2741,54049,12,D,7.0,13
2742,54051,5,D,11.0,11
2743,54053,1,,3.0,D
2744,54055,18,6,11.0,5
2745,54057,1,D,14.0,4
2746,54059,5,3,2.0,4
2747,54061,23,4,39.0,22
2748,54063,1,4,,
2749,54065,4,6,1.0,
2750,54067,10,D,7.0,S
2751,54069,14,6,16.0,15
2752,54071,2,D,,
2753,54075,7,7,1.0,D
2754,54077,3,3,6.0,9
2755,54079,4,,10.0,6
2756,54081,23,,12.0,8
2757,54083,11,6,2.0,4
2758,54087,1,D,1.0,
2759,54089,1,D,1.0,D
2760,54091,1,,2.0,D
2761,54093,5,4,,
2762,54097,5,3,5.0,D
2763,54099,1,3,8.0,5
2764,54101,1,,,
2765,54103,4,D,3.0,3
2766,54107,13,D,21.0,10
2767,54109,1,D,1.0,D
2768,55001,7,8,20.0,12
2769,55003,8,6,16.0,18
2770,55005,15,25,38.0,10
2771,55007,19,32,21.0,13
2772,55009,38,24,102.0,50
2773,55011,4,6,19.0,8
2774,55013,6,8,19.0,8
2775,55015,4,3,22.0,13
2776,55017,16,15,50.0,43
2777,55019,4,6,18.0,40
2778,55021,25,22,29.0,19
2779,55023,13,8,13.0,20
2780,55025,92,118,159.0,21
2781,55027,9,10,38.0,39
2782,55029,76,99,14.0,12
2783,55031,13,8,59.0,11
2784,55033,5,5,24.0,8
2785,55035,24,17,48.0,11
2786,55037,3,4,12.0,D
2787,55039,14,10,40.0,41
2788,55041,3,7,10.0,24
2789,55043,8,17,32.0,31
2790,55045,8,8,18.0,7
2791,55047,5,8,10.0,3
2792,55049,9,8,10.0,7
2793,55051,6,13,15.0,15
2794,55053,9,7,16.0,12
2795,55055,14,10,35.0,36
2796,55057,11,8,23.0,17
2797,55059,16,10,80.0,39
2798,55061,4,8,7.0,14
2799,55063,24,11,81.0,12
2800,55065,3,5,14.0,16
2801,55067,6,3,11.0,28
2802,55069,10,7,26.0,36
2803,55071,11,9,38.0,40
2804,55073,26,13,57.0,66
2805,55075,13,14,44.0,26
2806,55077,3,10,12.0,7
2807,55078,1,,2.0,D
2808,55079,84,71,323.0,212
2809,55081,20,12,31.0,17
2810,55083,4,5,29.0,36
2811,55085,32,35,39.0,22
2812,55087,28,15,86.0,29
2813,55089,14,11,27.0,14
2814,55091,2,3,9.0,D
2815,55093,4,9,35.0,11
2816,55095,11,15,34.0,9
2817,55097,18,5,51.0,31
2818,55099,7,16,6.0,22
2819,55101,22,10,74.0,44
2820,55103,2,4,8.0,8
2821,55105,19,18,78.0,15
2822,55107,5,8,10.0,21
2823,55109,20,10,28.0,10
2824,55111,56,30,36.0,25
2825,55113,25,53,19.0,11
2826,55115,10,6,22.0,43
2827,55117,25,23,54.0,44
2828,55119,6,5,6.0,27
2829,55121,9,11,26.0,23
2830,55123,3,28,13.0,8
2831,55125,54,65,28.0,12
2832,55127,24,24,50.0,15
2833,55129,11,9,21.0,13
2834,55131,14,8,50.0,29
2835,55133,38,31,94.0,38
2836,55135,12,13,35.0,29
2837,55137,4,6,15.0,12
2838,55139,24,19,93.0,34
2839,55141,11,6,50.0,19
2840,56001,23,12,11.0,
2841,56003,7,5,7.0,3
2842,56005,23,4,12.0,D
2843,56007,30,11,13.0,D
2844,56009,10,D,3.0,3
2845,56011,5,9,4.0,D
2846,56013,26,12,17.0,
2847,56015,3,D,5.0,D
2848,56017,5,3,1.0,
2849,56019,14,6,2.0,
2850,56021,37,8,19.0,3
2851,56023,17,9,5.0,D
2852,56025,23,12,11.0,4
2853,56027,3,D,1.0,
2854,56029,39,14,3.0,4
2855,56031,8,D,2.0,D
2856,56033,25,7,12.0,D
2857,56035,12,5,6.0,
2858,56037,23,3,20.0,D
2859,56039,59,12,8.0,D
2860,56041,12,D,3.0,D
2861,56043,8,D,4.0,
2862,56045,6,D,2.0,4
